<?xml version="1.0" encoding="UTF-8"?>
<project-private xmlns="http://www.netbeans.org/ns/project-private/1">
    <editor-bookmarks xmlns="http://www.netbeans.org/ns/editor-bookmarks/2" lastBookmarkId="0"/>
    <open-files xmlns="http://www.netbeans.org/ns/projectui-open-files/2">
        <group>
            <file>file:/mnt/NAS/Documents/School/Internship/AutoZap/src/org/autumn/annotations/Endpoint.java</file>
            <file>file:/mnt/NAS/Documents/School/Internship/AutoZap/src/autozap/database/AbstractDatabase.java</file>
            <file>file:/mnt/NAS/Documents/School/Internship/AutoZap/src/autozap/dataobjects/Template.java</file>
            <file>file:/mnt/NAS/Documents/School/Internship/AutoZap/src/autozap/database/SQLiteDatabase.java</file>
            <file>file:/mnt/NAS/Documents/School/Internship/AutoZap/src/autozap/pages/InfoPages.java</file>
            <file>file:/mnt/NAS/Documents/School/Internship/AutoZap/src/org/autumn/BodyType.java</file>
            <file>file:/mnt/NAS/Documents/School/Internship/AutoZap/src/autozap/AutoZap.java</file>
            <file>file:/mnt/NAS/Documents/School/Internship/AutoZap/src/autozap/pages/JobPages.java</file>
            <file>file:/mnt/NAS/Documents/School/Internship/AutoZap/src/autozap/dataobjects/Job.java</file>
            <file>file:/mnt/NAS/Documents/School/Internship/AutoZap/src/autozap/kubectlinterface/DemoInterface.java</file>
            <file>file:/mnt/NAS/Documents/School/Internship/AutoZap/src/org/autumn/Logger.java</file>
            <file>file:/mnt/NAS/Documents/School/Internship/AutoZap/src/autozap/kubectlinterface/AbstractInterface.java</file>
            <file>file:/mnt/NAS/Documents/School/Internship/AutoZap/src/org/autumn/State.java</file>
            <file>file:/mnt/NAS/Documents/School/Internship/AutoZap/src/autozap/Utils.java</file>
            <file>file:/mnt/NAS/Documents/School/Internship/AutoZap/src/autozap/ConfigType.java</file>
            <file>file:/mnt/NAS/Documents/School/Internship/AutoZap/src/autozap/ConfigParameter.java</file>
            <file>file:/mnt/NAS/Documents/School/Internship/AutoZap/src/autozap/pages/TemplatePages.java</file>
            <file>file:/mnt/NAS/Documents/School/Internship/AutoZap/src/autozap/kubectlinterface/KubectlInterface.java</file>
            <file>file:/mnt/NAS/Documents/School/Internship/AutoZap/src/autozap/pages/MiscPages.java</file>
            <file>file:/mnt/NAS/Documents/School/Internship/AutoZap/src/org/autumn/Utils.java</file>
            <file>file:/mnt/NAS/Documents/School/Internship/AutoZap/src/org/autumn/Server.java</file>
            <file>file:/mnt/NAS/Documents/School/Internship/AutoZap/src/autozap/dataobjects/JobState.java</file>
        </group>
    </open-files>
</project-private>
